time,question,answer,sentiment,score
2024-12-26 16:58:16,你好,你好，请问您需要什么帮助呢？,,
2024-12-26 16:59:44,头痛怎么办,"头痛是一种常见的疾病，可以通过以下几种方法来缓解：

1. 适量饮水：饮水可以帮助缓解头痛的症状。建议每天饮水至少8杯。

2. 放松：放松可以帮助缓解头痛的症状。建议通过冥想、深呼吸、瑜伽等方式来放松自己。

3. 避免过度压力：过度压力可能会导致头痛。建议避免过度压力，尽量减轻自己的工作和生活压力。

4. 避免过度饮酒：过度饮酒可能会导致头痛。建议避免过度饮酒，尽量控制自己的饮酒量。

5. 尝试药物治疗：如果头痛严重，可以尝试药物治疗。建议咨询医生或医生的建议，以便选择适合自己的药物治疗方案。

6. 避免过度睡眠：过度睡眠可能会导致头痛。建议避免过度睡眠，尽量保持适量的睡眠时间。

7. 避免过度震动：",,
2024-12-26 17:00:22,我不开心,很抱歉听到您不开心的消息。如果您需要帮助，请随时与我联系。我会尽力帮助您解决问题。如果您需要提供更多的信息，请告诉我，我会尽快回复您。,,5
2024-12-28 15:59:20,你好,你好，感谢你的关注。我是AI语言模型，我的目标是帮助用户获取信息和帮助他们解决问题。您有什么需要我帮助吗？,平和,
2024-12-28 16:00:08,失眠怎么调理,"以下是一些帮助调理失眠的建议：

1. 睡眠和休息早上的环境设置。在备受睡眠和休息的家庭和办公室中，你可以调整灯光和温度，并适度地做些运动，以便你的身体能够恢复自身能量。

2. 制定规律的睡眠和休息时间表。为了确保你每天都能获得足够的睡眠和休息，你应该制定一个清晰的时间表，并尽量妥协和你的家人。

3. 寻找一个舒适的睡觉环��",关切,4
